train_loss,epoch,step,val_loss
2120.093505859375,0,49,
1479.672119140625,0,99,
1047.314453125,0,149,
727.0003662109375,0,199,
493.8419494628906,0,249,
327.4050598144531,0,299,
211.91783142089844,0,349,
133.84329223632812,0,399,
82.53520202636719,0,449,
49.7244873046875,0,499,
29.300735473632812,0,549,
16.854145050048828,0,599,
9.580320358276367,0,649,
,0,652,12.742288589477539
5.371817588806152,1,699,
2.9510345458984375,1,749,
57.47990798950195,1,799,
